scen_id,src_node,mass_kg,duration_hrs,start_hrs,conc_injected,node_id,peak_conc,time_to_peak_min,detected
1,J8,0.3233,0.319,1.65,994.93,J1,0.0,,0
1,J8,0.3233,0.319,1.65,994.93,J2a,0.0,,0
1,J8,0.3233,0.319,1.65,994.93,J2,0.0,,0
1,J8,0.3233,0.319,1.65,994.93,J7,0.0,,0
1,J8,0.3233,0.319,1.65,994.93,J12,0.0,,0
1,J8,0.3233,0.319,1.65,994.93,J13,0.0,,0
1,J8,0.3233,0.319,1.65,994.93,J3,0.0,,0
1,J8,0.3233,0.319,1.65,994.93,J4,0.0,,0
1,J8,0.3233,0.319,1.65,994.93,J5,0.0,,0
1,J8,0.3233,0.319,1.65,994.93,J6,0.0,,0
1,J8,0.3233,0.319,1.65,994.93,J8,994.93,1983.75,1
1,J8,0.3233,0.319,1.65,994.93,J9,833.4617,2172.75,1
1,J8,0.3233,0.319,1.65,994.93,J10,0.0,,0
1,J8,0.3233,0.319,1.65,994.93,J11,0.0,,0
1,J8,0.3233,0.319,1.65,994.93,Aux3,0.0,,0
1,J8,0.3233,0.319,1.65,994.93,JI18,0.0,,0
1,J8,0.3233,0.319,1.65,994.93,JI2,0.0,,0
1,J8,0.3233,0.319,1.65,994.93,JI3,0.0,,0
1,J8,0.3233,0.319,1.65,994.93,JI4,0.0,,0
1,J8,0.3233,0.319,1.65,994.93,JI5,0.0,,0
1,J8,0.3233,0.319,1.65,994.93,JI6,0.0,,0
1,J8,0.3233,0.319,1.65,994.93,JI7,0.0,,0
1,J8,0.3233,0.319,1.65,994.93,JI8,0.0,,0
1,J8,0.3233,0.319,1.65,994.93,JI9,0.0,,0
1,J8,0.3233,0.319,1.65,994.93,JI10,0.0,,0
1,J8,0.3233,0.319,1.65,994.93,JI11,0.0,,0
1,J8,0.3233,0.319,1.65,994.93,JI12,0.0,,0
1,J8,0.3233,0.319,1.65,994.93,JI13,0.0,,0
1,J8,0.3233,0.319,1.65,994.93,O1,0.0,,0
1,J8,0.3233,0.319,1.65,994.93,O2,0.0,,0
1,J8,0.3233,0.319,1.65,994.93,Well,0.0,,0
2,JI12,0.1194,2.275,4.06,51.47,J1,0.0,,0
2,JI12,0.1194,2.275,4.06,51.47,J2a,0.0,,0
2,JI12,0.1194,2.275,4.06,51.47,J2,0.0,,0
2,JI12,0.1194,2.275,4.06,51.47,J7,0.0,,0
2,JI12,0.1194,2.275,4.06,51.47,J12,0.0,,0
2,JI12,0.1194,2.275,4.06,51.47,J13,0.0,,0
2,JI12,0.1194,2.275,4.06,51.47,J3,0.0,,0
2,JI12,0.1194,2.275,4.06,51.47,J4,0.0,,0
2,JI12,0.1194,2.275,4.06,51.47,J5,0.0,,0
2,JI12,0.1194,2.275,4.06,51.47,J6,0.0,,0
2,JI12,0.1194,2.275,4.06,51.47,J8,0.0,,0
2,JI12,0.1194,2.275,4.06,51.47,J9,0.0,,0
2,JI12,0.1194,2.275,4.06,51.47,J10,0.0,,0
2,JI12,0.1194,2.275,4.06,51.47,J11,0.0,,0
2,JI12,0.1194,2.275,4.06,51.47,Aux3,0.0,,0
2,JI12,0.1194,2.275,4.06,51.47,JI18,0.0,,0
2,JI12,0.1194,2.275,4.06,51.47,JI2,0.0,,0
2,JI12,0.1194,2.275,4.06,51.47,JI3,0.0,,0
2,JI12,0.1194,2.275,4.06,51.47,JI4,0.0,,0
2,JI12,0.1194,2.275,4.06,51.47,JI5,0.0,,0
2,JI12,0.1194,2.275,4.06,51.47,JI6,0.0,,0
2,JI12,0.1194,2.275,4.06,51.47,JI7,0.0,,0
2,JI12,0.1194,2.275,4.06,51.47,JI8,0.0,,0
2,JI12,0.1194,2.275,4.06,51.47,JI9,0.0,,0
2,JI12,0.1194,2.275,4.06,51.47,JI10,0.0,4687.0,0
2,JI12,0.1194,2.275,4.06,51.47,JI11,0.031,4687.0,0
2,JI12,0.1194,2.275,4.06,51.47,JI12,51.47,2981.5,1
2,JI12,0.1194,2.275,4.06,51.47,JI13,3.0928,3716.5,0
2,JI12,0.1194,2.275,4.06,51.47,O1,0.0,,0
2,JI12,0.1194,2.275,4.06,51.47,O2,0.832,5337.0,0
2,JI12,0.1194,2.275,4.06,51.47,Well,0.0,,0
3,JI5,0.4472,0.489,2.532,896.89,J1,0.0,,0
3,JI5,0.4472,0.489,2.532,896.89,J2a,0.0,,0
3,JI5,0.4472,0.489,2.532,896.89,J2,0.0,,0
3,JI5,0.4472,0.489,2.532,896.89,J7,0.0,,0
3,JI5,0.4472,0.489,2.532,896.89,J12,0.0,,0
3,JI5,0.4472,0.489,2.532,896.89,J13,0.0,,0
3,JI5,0.4472,0.489,2.532,896.89,J3,0.0,,0
3,JI5,0.4472,0.489,2.532,896.89,J4,0.0,,0
3,JI5,0.4472,0.489,2.532,896.89,J5,0.0,,0
3,JI5,0.4472,0.489,2.532,896.89,J6,0.0,,0
3,JI5,0.4472,0.489,2.532,896.89,J8,0.0,,0
3,JI5,0.4472,0.489,2.532,896.89,J9,0.0,,0
3,JI5,0.4472,0.489,2.532,896.89,J10,0.0,,0
3,JI5,0.4472,0.489,2.532,896.89,J11,0.0,,0
3,JI5,0.4472,0.489,2.532,896.89,Aux3,0.0,,0
3,JI5,0.4472,0.489,2.532,896.89,JI18,0.0,,0
3,JI5,0.4472,0.489,2.532,896.89,JI2,0.0,,0
3,JI5,0.4472,0.489,2.532,896.89,JI3,0.0,,0
3,JI5,0.4472,0.489,2.532,896.89,JI4,0.0,,0
3,JI5,0.4472,0.489,2.532,896.89,JI5,59.9994,2617.25,1
3,JI5,0.4472,0.489,2.532,896.89,JI6,0.0,,0
3,JI5,0.4472,0.489,2.532,896.89,JI7,0.0,,0
3,JI5,0.4472,0.489,2.532,896.89,JI8,0.0,,0
3,JI5,0.4472,0.489,2.532,896.89,JI9,0.0,,0
3,JI5,0.4472,0.489,2.532,896.89,JI10,10.6192,3112.25,1
3,JI5,0.4472,0.489,2.532,896.89,JI11,5.0258,3205.75,1
3,JI5,0.4472,0.489,2.532,896.89,JI12,3.0031,5336.75,0
3,JI5,0.4472,0.489,2.532,896.89,JI13,1.9026,5336.75,0
3,JI5,0.4472,0.489,2.532,896.89,O1,0.0,,0
3,JI5,0.4472,0.489,2.532,896.89,O2,0.7665,5337.0,0
3,JI5,0.4472,0.489,2.532,896.89,Well,15.3536,2640.0,1
4,JI18,0.0246,0.851,3.032,28.35,J1,0.0,,0
4,JI18,0.0246,0.851,3.032,28.35,J2a,0.0,,0
4,JI18,0.0246,0.851,3.032,28.35,J2,0.0,,0
4,JI18,0.0246,0.851,3.032,28.35,J7,0.0,,0
4,JI18,0.0246,0.851,3.032,28.35,J12,0.0,,0
4,JI18,0.0246,0.851,3.032,28.35,J13,0.0,,0
4,JI18,0.0246,0.851,3.032,28.35,J3,0.0,,0
4,JI18,0.0246,0.851,3.032,28.35,J4,0.0,,0
4,JI18,0.0246,0.851,3.032,28.35,J5,0.0,,0
4,JI18,0.0246,0.851,3.032,28.35,J6,0.0,,0
4,JI18,0.0246,0.851,3.032,28.35,J8,0.0,,0
4,JI18,0.0246,0.851,3.032,28.35,J9,0.0,,0
4,JI18,0.0246,0.851,3.032,28.35,J10,0.0,,0
4,JI18,0.0246,0.851,3.032,28.35,J11,0.0,,0
4,JI18,0.0246,0.851,3.032,28.35,Aux3,0.0,,0
4,JI18,0.0246,0.851,3.032,28.35,JI18,16.5172,2887.5,1
4,JI18,0.0246,0.851,3.032,28.35,JI2,9.1171,2888.0,1
4,JI18,0.0246,0.851,3.032,28.35,JI3,5.2338,2890.25,1
4,JI18,0.0246,0.851,3.032,28.35,JI4,3.7282,2899.0,0
4,JI18,0.0246,0.851,3.032,28.35,JI5,2.8118,2904.25,0
4,JI18,0.0246,0.851,3.032,28.35,JI6,0.0,,0
4,JI18,0.0246,0.851,3.032,28.35,JI7,0.0,,0
4,JI18,0.0246,0.851,3.032,28.35,JI8,0.0,,0
4,JI18,0.0246,0.851,3.032,28.35,JI9,0.0,,0
4,JI18,0.0246,0.851,3.032,28.35,JI10,0.6096,3085.5,0
4,JI18,0.0246,0.851,3.032,28.35,JI11,0.2939,3154.5,0
4,JI18,0.0246,0.851,3.032,28.35,JI12,0.1763,5301.0,0
4,JI18,0.0246,0.851,3.032,28.35,JI13,0.1112,5289.5,0
4,JI18,0.0246,0.851,3.032,28.35,O1,0.0,,0
4,JI18,0.0246,0.851,3.032,28.35,O2,0.0447,5301.0,0
4,JI18,0.0246,0.851,3.032,28.35,Well,0.6096,3085.25,0
5,J12,0.023,0.797,3.899,28.32,J1,0.0,,0
5,J12,0.023,0.797,3.899,28.32,J2a,0.0,,0
5,J12,0.023,0.797,3.899,28.32,J2,0.0,,0
5,J12,0.023,0.797,3.899,28.32,J7,0.0,,0
5,J12,0.023,0.797,3.899,28.32,J12,21.2988,3182.5,1
5,J12,0.023,0.797,3.899,28.32,J13,0.0,,0
5,J12,0.023,0.797,3.899,28.32,J3,0.0,,0
5,J12,0.023,0.797,3.899,28.32,J4,0.0,,0
5,J12,0.023,0.797,3.899,28.32,J5,0.0,,0
5,J12,0.023,0.797,3.899,28.32,J6,0.0,,0
5,J12,0.023,0.797,3.899,28.32,J8,0.0,,0
5,J12,0.023,0.797,3.899,28.32,J9,0.0,,0
5,J12,0.023,0.797,3.899,28.32,J10,0.0,,0
5,J12,0.023,0.797,3.899,28.32,J11,0.0,,0
5,J12,0.023,0.797,3.899,28.32,Aux3,0.0,,0
5,J12,0.023,0.797,3.899,28.32,JI18,0.0,,0
5,J12,0.023,0.797,3.899,28.32,JI2,0.0,,0
5,J12,0.023,0.797,3.899,28.32,JI3,0.0,,0
5,J12,0.023,0.797,3.899,28.32,JI4,5.7096,3184.25,1
5,J12,0.023,0.797,3.899,28.32,JI5,4.1753,3187.5,0
5,J12,0.023,0.797,3.899,28.32,JI6,0.0,,0
5,J12,0.023,0.797,3.899,28.32,JI7,0.0,,0
5,J12,0.023,0.797,3.899,28.32,JI8,20.8556,3183.0,1
5,J12,0.023,0.797,3.899,28.32,JI9,0.0,,0
5,J12,0.023,0.797,3.899,28.32,JI10,0.5035,3297.25,0
5,J12,0.023,0.797,3.899,28.32,JI11,0.2214,3299.5,0
5,J12,0.023,0.797,3.899,28.32,JI12,0.1331,5337.75,0
5,J12,0.023,0.797,3.899,28.32,JI13,0.0794,5337.75,0
5,J12,0.023,0.797,3.899,28.32,O1,0.0,,0
5,J12,0.023,0.797,3.899,28.32,O2,0.0255,5337.75,0
5,J12,0.023,0.797,3.899,28.32,Well,0.5054,3316.5,0
6,J12,0.277,0.856,3.536,317.38,J1,0.0,,0
6,J12,0.277,0.856,3.536,317.38,J2a,0.0,,0
6,J12,0.277,0.856,3.536,317.38,J2,0.0,,0
6,J12,0.277,0.856,3.536,317.38,J7,0.0,,0
6,J12,0.277,0.856,3.536,317.38,J12,226.7449,3087.5,1
6,J12,0.277,0.856,3.536,317.38,J13,0.0,,0
6,J12,0.277,0.856,3.536,317.38,J3,0.0,,0
6,J12,0.277,0.856,3.536,317.38,J4,0.0,,0
6,J12,0.277,0.856,3.536,317.38,J5,0.0,,0
6,J12,0.277,0.856,3.536,317.38,J6,0.0,,0
6,J12,0.277,0.856,3.536,317.38,J8,0.0,,0
6,J12,0.277,0.856,3.536,317.38,J9,0.0,,0
6,J12,0.277,0.856,3.536,317.38,J10,0.0,,0
6,J12,0.277,0.856,3.536,317.38,J11,0.0,,0
6,J12,0.277,0.856,3.536,317.38,Aux3,0.0,,0
6,J12,0.277,0.856,3.536,317.38,JI18,0.0,,0
6,J12,0.277,0.856,3.536,317.38,JI2,0.0,,0
6,J12,0.277,0.856,3.536,317.38,JI3,0.0,,0
6,J12,0.277,0.856,3.536,317.38,JI4,59.9068,3089.75,1
6,J12,0.277,0.856,3.536,317.38,JI5,43.5031,3093.0,1
6,J12,0.277,0.856,3.536,317.38,JI6,0.0,,0
6,J12,0.277,0.856,3.536,317.38,JI7,0.0,,0
6,J12,0.277,0.856,3.536,317.38,JI8,221.0813,3088.25,1
6,J12,0.277,0.856,3.536,317.38,JI9,0.0,,0
6,J12,0.277,0.856,3.536,317.38,JI10,7.1625,3228.25,1
6,J12,0.277,0.856,3.536,317.38,JI11,3.4118,3290.0,0
6,J12,0.277,0.856,3.536,317.38,JI12,2.0386,5336.75,0
6,J12,0.277,0.856,3.536,317.38,JI13,1.2665,5336.75,0
6,J12,0.277,0.856,3.536,317.38,O1,0.0,,0
6,J12,0.277,0.856,3.536,317.38,O2,0.4363,5337.75,0
6,J12,0.277,0.856,3.536,317.38,Well,7.1625,3228.0,1
7,J2a,0.4066,0.268,4.835,1489.06,J1,0.0,,0
7,J2a,0.4066,0.268,4.835,1489.06,J2a,938.6518,3306.25,1
7,J2a,0.4066,0.268,4.835,1489.06,J2,927.3845,3306.5,1
7,J2a,0.4066,0.268,4.835,1489.06,J7,0.0,,0
7,J2a,0.4066,0.268,4.835,1489.06,J12,0.0,,0
7,J2a,0.4066,0.268,4.835,1489.06,J13,0.0,,0
7,J2a,0.4066,0.268,4.835,1489.06,J3,0.0,,0
7,J2a,0.4066,0.268,4.835,1489.06,J4,0.0,,0
7,J2a,0.4066,0.268,4.835,1489.06,J5,0.0,,0
7,J2a,0.4066,0.268,4.835,1489.06,J6,0.0,,0
7,J2a,0.4066,0.268,4.835,1489.06,J8,0.0,,0
7,J2a,0.4066,0.268,4.835,1489.06,J9,0.0,,0
7,J2a,0.4066,0.268,4.835,1489.06,J10,0.0,,0
7,J2a,0.4066,0.268,4.835,1489.06,J11,0.0,,0
7,J2a,0.4066,0.268,4.835,1489.06,Aux3,0.0,,0
7,J2a,0.4066,0.268,4.835,1489.06,JI18,0.0,,0
7,J2a,0.4066,0.268,4.835,1489.06,JI2,0.0,,0
7,J2a,0.4066,0.268,4.835,1489.06,JI3,0.0,,0
7,J2a,0.4066,0.268,4.835,1489.06,JI4,0.0,,0
7,J2a,0.4066,0.268,4.835,1489.06,JI5,198.4105,3318.5,1
7,J2a,0.4066,0.268,4.835,1489.06,JI6,0.0,,0
7,J2a,0.4066,0.268,4.835,1489.06,JI7,0.0,,0
7,J2a,0.4066,0.268,4.835,1489.06,JI8,0.0,,0
7,J2a,0.4066,0.268,4.835,1489.06,JI9,814.2974,3317.0,1
7,J2a,0.4066,0.268,4.835,1489.06,JI10,10.309,5145.75,1
7,J2a,0.4066,0.268,4.835,1489.06,JI11,5.1236,5227.5,1
7,J2a,0.4066,0.268,4.835,1489.06,JI12,1.6084,5337.0,0
7,J2a,0.4066,0.268,4.835,1489.06,JI13,0.5444,5228.75,0
7,J2a,0.4066,0.268,4.835,1489.06,O1,0.0,,0
7,J2a,0.4066,0.268,4.835,1489.06,O2,0.1351,5337.0,0
7,J2a,0.4066,0.268,4.835,1489.06,Well,22.0273,3468.25,1
8,JI9,0.3521,1.186,0.933,291.29,J1,0.0,,0
8,JI9,0.3521,1.186,0.933,291.29,J2a,0.0,,0
8,JI9,0.3521,1.186,0.933,291.29,J2,0.0,,0
8,JI9,0.3521,1.186,0.933,291.29,J7,0.0,,0
8,JI9,0.3521,1.186,0.933,291.29,J12,0.0,,0
8,JI9,0.3521,1.186,0.933,291.29,J13,0.0,,0
8,JI9,0.3521,1.186,0.933,291.29,J3,0.0,,0
8,JI9,0.3521,1.186,0.933,291.29,J4,0.0,,0
8,JI9,0.3521,1.186,0.933,291.29,J5,0.0,,0
8,JI9,0.3521,1.186,0.933,291.29,J6,0.0,,0
8,JI9,0.3521,1.186,0.933,291.29,J8,0.0,,0
8,JI9,0.3521,1.186,0.933,291.29,J9,0.0,,0
8,JI9,0.3521,1.186,0.933,291.29,J10,0.0,,0
8,JI9,0.3521,1.186,0.933,291.29,J11,0.0,,0
8,JI9,0.3521,1.186,0.933,291.29,Aux3,0.0,,0
8,JI9,0.3521,1.186,0.933,291.29,JI18,0.0,,0
8,JI9,0.3521,1.186,0.933,291.29,JI2,0.0,,0
8,JI9,0.3521,1.186,0.933,291.29,JI3,0.0,,0
8,JI9,0.3521,1.186,0.933,291.29,JI4,0.0,,0
8,JI9,0.3521,1.186,0.933,291.29,JI5,8.0215,2241.5,1
8,JI9,0.3521,1.186,0.933,291.29,JI6,0.0,,0
8,JI9,0.3521,1.186,0.933,291.29,JI7,0.0,,0
8,JI9,0.3521,1.186,0.933,291.29,JI8,0.0,,0
8,JI9,0.3521,1.186,0.933,291.29,JI9,25.027,2241.0,1
8,JI9,0.3521,1.186,0.933,291.29,JI10,4.3919,2261.5,0
8,JI9,0.3521,1.186,0.933,291.29,JI11,2.5211,2363.75,0
8,JI9,0.3521,1.186,0.933,291.29,JI12,1.8219,4696.25,0
8,JI9,0.3521,1.186,0.933,291.29,JI13,1.7082,4738.25,0
8,JI9,0.3521,1.186,0.933,291.29,O1,0.0,,0
8,JI9,0.3521,1.186,0.933,291.29,O2,1.3919,5337.0,0
8,JI9,0.3521,1.186,0.933,291.29,Well,4.3919,2261.25,0
9,JI18,0.479,1.176,0.556,399.71,J1,0.0,,0
9,JI18,0.479,1.176,0.556,399.71,J2a,0.0,,0
9,JI18,0.479,1.176,0.556,399.71,J2,0.0,,0
9,JI18,0.479,1.176,0.556,399.71,J7,0.0,,0
9,JI18,0.479,1.176,0.556,399.71,J12,0.0,,0
9,JI18,0.479,1.176,0.556,399.71,J13,0.0,,0
9,JI18,0.479,1.176,0.556,399.71,J3,0.0,,0
9,JI18,0.479,1.176,0.556,399.71,J4,0.0,,0
9,JI18,0.479,1.176,0.556,399.71,J5,0.0,,0
9,JI18,0.479,1.176,0.556,399.71,J6,0.0,,0
9,JI18,0.479,1.176,0.556,399.71,J8,0.0,,0
9,JI18,0.479,1.176,0.556,399.71,J9,0.0,,0
9,JI18,0.479,1.176,0.556,399.71,J10,0.0,,0
9,JI18,0.479,1.176,0.556,399.71,J11,0.0,,0
9,JI18,0.479,1.176,0.556,399.71,Aux3,0.0,,0
9,JI18,0.479,1.176,0.556,399.71,JI18,55.5401,2032.75,1
9,JI18,0.479,1.176,0.556,399.71,JI2,21.7472,2035.25,1
9,JI18,0.479,1.176,0.556,399.71,JI3,10.5496,2045.75,1
9,JI18,0.479,1.176,0.556,399.71,JI4,7.1406,2068.0,1
9,JI18,0.479,1.176,0.556,399.71,JI5,4.9923,2075.25,0
9,JI18,0.479,1.176,0.556,399.71,JI6,0.0,,0
9,JI18,0.479,1.176,0.556,399.71,JI7,0.0,,0
9,JI18,0.479,1.176,0.556,399.71,JI8,0.0,,0
9,JI18,0.479,1.176,0.556,399.71,JI9,0.0,,0
9,JI18,0.479,1.176,0.556,399.71,JI10,2.8274,2162.0,0
9,JI18,0.479,1.176,0.556,399.71,JI11,2.0294,2313.75,0
9,JI18,0.479,1.176,0.556,399.71,JI12,1.6081,3162.5,0
9,JI18,0.479,1.176,0.556,399.71,JI13,1.5176,4696.25,0
9,JI18,0.479,1.176,0.556,399.71,O1,0.0,,0
9,JI18,0.479,1.176,0.556,399.71,O2,1.3503,5333.75,0
9,JI18,0.479,1.176,0.556,399.71,Well,2.8274,2161.75,0
10,JI4,0.0574,2.581,3.622,21.82,J1,0.0,,0
10,JI4,0.0574,2.581,3.622,21.82,J2a,0.0,,0
10,JI4,0.0574,2.581,3.622,21.82,J2,0.0,,0
10,JI4,0.0574,2.581,3.622,21.82,J7,0.0,,0
10,JI4,0.0574,2.581,3.622,21.82,J12,0.0,,0
10,JI4,0.0574,2.581,3.622,21.82,J13,0.0,,0
10,JI4,0.0574,2.581,3.622,21.82,J3,0.0,,0
10,JI4,0.0574,2.581,3.622,21.82,J4,0.0,,0
10,JI4,0.0574,2.581,3.622,21.82,J5,0.0,,0
10,JI4,0.0574,2.581,3.622,21.82,J6,0.0,,0
10,JI4,0.0574,2.581,3.622,21.82,J8,0.0,,0
10,JI4,0.0574,2.581,3.622,21.82,J9,0.0,,0
10,JI4,0.0574,2.581,3.622,21.82,J10,0.0,,0
10,JI4,0.0574,2.581,3.622,21.82,J11,0.0,,0
10,JI4,0.0574,2.581,3.622,21.82,Aux3,0.0,,0
10,JI4,0.0574,2.581,3.622,21.82,JI18,0.0,,0
10,JI4,0.0574,2.581,3.622,21.82,JI2,0.0,,0
10,JI4,0.0574,2.581,3.622,21.82,JI3,0.0,,0
10,JI4,0.0574,2.581,3.622,21.82,JI4,4.0902,3640.75,0
10,JI4,0.0574,2.581,3.622,21.82,JI5,3.2559,3641.0,0
10,JI4,0.0574,2.581,3.622,21.82,JI6,0.0,,0
10,JI4,0.0574,2.581,3.622,21.82,JI7,0.0,,0
10,JI4,0.0574,2.581,3.622,21.82,JI8,0.0,,0
10,JI4,0.0574,2.581,3.622,21.82,JI9,0.0,,0
10,JI4,0.0574,2.581,3.622,21.82,JI10,0.9936,4556.25,0
10,JI4,0.0574,2.581,3.622,21.82,JI11,0.5836,4640.0,0
10,JI4,0.0574,2.581,3.622,21.82,JI12,0.2453,5337.0,0
10,JI4,0.0574,2.581,3.622,21.82,JI13,0.117,4641.25,0
10,JI4,0.0574,2.581,3.622,21.82,O1,0.0,,0
10,JI4,0.0574,2.581,3.622,21.82,O2,0.0412,5337.0,0
10,JI4,0.0574,2.581,3.622,21.82,Well,1.5645,3662.5,0
11,J1,0.4055,2.257,3.217,176.26,J1,146.3459,3346.5,1
11,J1,0.4055,2.257,3.217,176.26,J2a,0.0,,0
11,J1,0.4055,2.257,3.217,176.26,J2,0.0,,0
11,J1,0.4055,2.257,3.217,176.26,J7,0.0,,0
11,J1,0.4055,2.257,3.217,176.26,J12,0.0,,0
11,J1,0.4055,2.257,3.217,176.26,J13,0.0,,0
11,J1,0.4055,2.257,3.217,176.26,J3,0.0,,0
11,J1,0.4055,2.257,3.217,176.26,J4,0.0,,0
11,J1,0.4055,2.257,3.217,176.26,J5,0.0,,0
11,J1,0.4055,2.257,3.217,176.26,J6,0.0,,0
11,J1,0.4055,2.257,3.217,176.26,J8,0.0,,0
11,J1,0.4055,2.257,3.217,176.26,J9,0.0,,0
11,J1,0.4055,2.257,3.217,176.26,J10,0.0,,0
11,J1,0.4055,2.257,3.217,176.26,J11,0.0,,0
11,J1,0.4055,2.257,3.217,176.26,Aux3,0.0,,0
11,J1,0.4055,2.257,3.217,176.26,JI18,0.0,,0
11,J1,0.4055,2.257,3.217,176.26,JI2,102.5147,3347.25,1
11,J1,0.4055,2.257,3.217,176.26,JI3,52.8102,3349.75,1
11,J1,0.4055,2.257,3.217,176.26,JI4,35.9807,3356.75,1
11,J1,0.4055,2.257,3.217,176.26,JI5,27.391,3361.75,1
11,J1,0.4055,2.257,3.217,176.26,JI6,0.0,,0
11,J1,0.4055,2.257,3.217,176.26,JI7,145.7777,3347.0,1
11,J1,0.4055,2.257,3.217,176.26,JI8,0.0,,0
11,J1,0.4055,2.257,3.217,176.26,JI9,0.0,,0
11,J1,0.4055,2.257,3.217,176.26,JI10,6.0759,3883.0,1
11,J1,0.4055,2.257,3.217,176.26,JI11,4.0273,3908.5,0
11,J1,0.4055,2.257,3.217,176.26,JI12,1.9262,4015.25,0
11,J1,0.4055,2.257,3.217,176.26,JI13,1.0033,3919.75,0
11,J1,0.4055,2.257,3.217,176.26,O1,0.0,,0
11,J1,0.4055,2.257,3.217,176.26,O2,0.3676,4015.25,0
11,J1,0.4055,2.257,3.217,176.26,Well,10.9554,3420.75,1
12,JI13,0.4868,1.291,3.312,369.92,J1,0.0,,0
12,JI13,0.4868,1.291,3.312,369.92,J2a,0.0,,0
12,JI13,0.4868,1.291,3.312,369.92,J2,0.0,,0
12,JI13,0.4868,1.291,3.312,369.92,J7,0.0,,0
12,JI13,0.4868,1.291,3.312,369.92,J12,0.0,,0
12,JI13,0.4868,1.291,3.312,369.92,J13,0.0,,0
12,JI13,0.4868,1.291,3.312,369.92,J3,0.0,,0
12,JI13,0.4868,1.291,3.312,369.92,J4,0.0,,0
12,JI13,0.4868,1.291,3.312,369.92,J5,0.0,,0
12,JI13,0.4868,1.291,3.312,369.92,J6,0.0,,0
12,JI13,0.4868,1.291,3.312,369.92,J8,0.0,,0
12,JI13,0.4868,1.291,3.312,369.92,J9,0.0,,0
12,JI13,0.4868,1.291,3.312,369.92,J10,0.0,,0
12,JI13,0.4868,1.291,3.312,369.92,J11,0.0,,0
12,JI13,0.4868,1.291,3.312,369.92,Aux3,0.0,,0
12,JI13,0.4868,1.291,3.312,369.92,JI18,0.0,,0
12,JI13,0.4868,1.291,3.312,369.92,JI2,0.0,,0
12,JI13,0.4868,1.291,3.312,369.92,JI3,0.0,,0
12,JI13,0.4868,1.291,3.312,369.92,JI4,0.0,,0
12,JI13,0.4868,1.291,3.312,369.92,JI5,0.0,,0
12,JI13,0.4868,1.291,3.312,369.92,JI6,0.0,,0
12,JI13,0.4868,1.291,3.312,369.92,JI7,0.0,,0
12,JI13,0.4868,1.291,3.312,369.92,JI8,0.0,,0
12,JI13,0.4868,1.291,3.312,369.92,JI9,0.0,,0
12,JI13,0.4868,1.291,3.312,369.92,JI10,0.0,5337.0,0
12,JI13,0.4868,1.291,3.312,369.92,JI11,0.0002,4686.25,0
12,JI13,0.4868,1.291,3.312,369.92,JI12,0.404,3134.25,0
12,JI13,0.4868,1.291,3.312,369.92,JI13,369.92,2727.75,1
12,JI13,0.4868,1.291,3.312,369.92,O1,0.0,,0
12,JI13,0.4868,1.291,3.312,369.92,O2,9.2352,3135.5,1
12,JI13,0.4868,1.291,3.312,369.92,Well,0.0,,0
13,JI8,0.4164,1.951,5.17,209.38,J1,0.0,,0
13,JI8,0.4164,1.951,5.17,209.38,J2a,0.0,,0
13,JI8,0.4164,1.951,5.17,209.38,J2,0.0,,0
13,JI8,0.4164,1.951,5.17,209.38,J7,0.0,,0
13,JI8,0.4164,1.951,5.17,209.38,J12,0.0,,0
13,JI8,0.4164,1.951,5.17,209.38,J13,0.0,,0
13,JI8,0.4164,1.951,5.17,209.38,J3,0.0,,0
13,JI8,0.4164,1.951,5.17,209.38,J4,0.0,,0
13,JI8,0.4164,1.951,5.17,209.38,J5,0.0,,0
13,JI8,0.4164,1.951,5.17,209.38,J6,0.0,,0
13,JI8,0.4164,1.951,5.17,209.38,J8,0.0,,0
13,JI8,0.4164,1.951,5.17,209.38,J9,0.0,,0
13,JI8,0.4164,1.951,5.17,209.38,J10,0.0,,0
13,JI8,0.4164,1.951,5.17,209.38,J11,0.0,,0
13,JI8,0.4164,1.951,5.17,209.38,Aux3,0.0,,0
13,JI8,0.4164,1.951,5.17,209.38,JI18,0.0,,0
13,JI8,0.4164,1.951,5.17,209.38,JI2,0.0,,0
13,JI8,0.4164,1.951,5.17,209.38,JI3,0.0,,0
13,JI8,0.4164,1.951,5.17,209.38,JI4,40.8974,3914.0,1
13,JI8,0.4164,1.951,5.17,209.38,JI5,32.88,3914.25,1
13,JI8,0.4164,1.951,5.17,209.38,JI6,0.0,,0
13,JI8,0.4164,1.951,5.17,209.38,JI7,0.0,,0
13,JI8,0.4164,1.951,5.17,209.38,JI8,88.9293,3913.75,1
13,JI8,0.4164,1.951,5.17,209.38,JI9,0.0,,0
13,JI8,0.4164,1.951,5.17,209.38,JI10,9.4462,4569.0,1
13,JI8,0.4164,1.951,5.17,209.38,JI11,4.4394,4652.75,0
13,JI8,0.4164,1.951,5.17,209.38,JI12,1.3009,5337.0,0
13,JI8,0.4164,1.951,5.17,209.38,JI13,0.4047,4656.0,0
13,JI8,0.4164,1.951,5.17,209.38,O1,0.0,,0
13,JI8,0.4164,1.951,5.17,209.38,O2,0.1004,5337.0,0
13,JI8,0.4164,1.951,5.17,209.38,Well,12.6481,3940.25,1
14,J3,0.2929,2.188,0.275,131.34,J1,0.0,,0
14,J3,0.2929,2.188,0.275,131.34,J2a,0.0,,0
14,J3,0.2929,2.188,0.275,131.34,J2,0.0,,0
14,J3,0.2929,2.188,0.275,131.34,J7,0.0,,0
14,J3,0.2929,2.188,0.275,131.34,J12,0.0,,0
14,J3,0.2929,2.188,0.275,131.34,J13,0.0,,0
14,J3,0.2929,2.188,0.275,131.34,J3,131.34,133.25,1
14,J3,0.2929,2.188,0.275,131.34,J4,131.34,1944.25,1
14,J3,0.2929,2.188,0.275,131.34,J5,131.1246,2400.75,1
14,J3,0.2929,2.188,0.275,131.34,J6,126.6433,2426.75,1
14,J3,0.2929,2.188,0.275,131.34,J8,126.5563,2435.0,1
14,J3,0.2929,2.188,0.275,131.34,J9,115.7696,2530.25,1
14,J3,0.2929,2.188,0.275,131.34,J10,64.3282,3011.75,1
14,J3,0.2929,2.188,0.275,131.34,J11,54.1227,3311.25,1
14,J3,0.2929,2.188,0.275,131.34,Aux3,0.0,,0
14,J3,0.2929,2.188,0.275,131.34,JI18,0.0,,0
14,J3,0.2929,2.188,0.275,131.34,JI2,0.0,,0
14,J3,0.2929,2.188,0.275,131.34,JI3,0.0,,0
14,J3,0.2929,2.188,0.275,131.34,JI4,0.0,,0
14,J3,0.2929,2.188,0.275,131.34,JI5,0.0,,0
14,J3,0.2929,2.188,0.275,131.34,JI6,0.0,,0
14,J3,0.2929,2.188,0.275,131.34,JI7,0.0,,0
14,J3,0.2929,2.188,0.275,131.34,JI8,0.0,,0
14,J3,0.2929,2.188,0.275,131.34,JI9,0.0,,0
14,J3,0.2929,2.188,0.275,131.34,JI10,0.0,,0
14,J3,0.2929,2.188,0.275,131.34,JI11,0.0,,0
14,J3,0.2929,2.188,0.275,131.34,JI12,0.0,,0
14,J3,0.2929,2.188,0.275,131.34,JI13,0.0,,0
14,J3,0.2929,2.188,0.275,131.34,O1,54.1184,3316.75,1
14,J3,0.2929,2.188,0.275,131.34,O2,0.0,,0
14,J3,0.2929,2.188,0.275,131.34,Well,0.0,,0
15,J13,0.1217,1.046,0.479,114.12,J1,0.0,,0
15,J13,0.1217,1.046,0.479,114.12,J2a,0.0,,0
15,J13,0.1217,1.046,0.479,114.12,J2,0.0,,0
15,J13,0.1217,1.046,0.479,114.12,J7,4.1226,1893.5,0
15,J13,0.1217,1.046,0.479,114.12,J12,0.0,,0
15,J13,0.1217,1.046,0.479,114.12,J13,4.6435,1889.25,0
15,J13,0.1217,1.046,0.479,114.12,J3,0.0,,0
15,J13,0.1217,1.046,0.479,114.12,J4,0.0,,0
15,J13,0.1217,1.046,0.479,114.12,J5,0.0,,0
15,J13,0.1217,1.046,0.479,114.12,J6,0.0,,0
15,J13,0.1217,1.046,0.479,114.12,J8,0.0,,0
15,J13,0.1217,1.046,0.479,114.12,J9,0.0,,0
15,J13,0.1217,1.046,0.479,114.12,J10,0.0,,0
15,J13,0.1217,1.046,0.479,114.12,J11,0.0,,0
15,J13,0.1217,1.046,0.479,114.12,Aux3,0.0,,0
15,J13,0.1217,1.046,0.479,114.12,JI18,0.0,,0
15,J13,0.1217,1.046,0.479,114.12,JI2,0.0,,0
15,J13,0.1217,1.046,0.479,114.12,JI3,1.9002,1902.5,0
15,J13,0.1217,1.046,0.479,114.12,JI4,1.2111,1930.0,0
15,J13,0.1217,1.046,0.479,114.12,JI5,0.8119,1949.75,0
15,J13,0.1217,1.046,0.479,114.12,JI6,0.0,,0
15,J13,0.1217,1.046,0.479,114.12,JI7,0.0,,0
15,J13,0.1217,1.046,0.479,114.12,JI8,0.0,,0
15,J13,0.1217,1.046,0.479,114.12,JI9,0.0,,0
15,J13,0.1217,1.046,0.479,114.12,JI10,0.4605,2024.75,0
15,J13,0.1217,1.046,0.479,114.12,JI11,0.3923,2119.0,0
15,J13,0.1217,1.046,0.479,114.12,JI12,0.3508,2315.75,0
15,J13,0.1217,1.046,0.479,114.12,JI13,0.3375,3263.5,0
15,J13,0.1217,1.046,0.479,114.12,O1,0.0,,0
15,J13,0.1217,1.046,0.479,114.12,O2,0.3118,5321.0,0
15,J13,0.1217,1.046,0.479,114.12,Well,0.4605,2024.5,0
16,J13,0.1241,0.528,1.668,230.61,J1,0.0,,0
16,J13,0.1241,0.528,1.668,230.61,J2a,0.0,,0
16,J13,0.1241,0.528,1.668,230.61,J2,0.0,,0
16,J13,0.1241,0.528,1.668,230.61,J7,31.3833,2279.75,1
16,J13,0.1241,0.528,1.668,230.61,J12,0.0,,0
16,J13,0.1241,0.528,1.668,230.61,J13,34.2875,2277.5,1
16,J13,0.1241,0.528,1.668,230.61,J3,0.0,,0
16,J13,0.1241,0.528,1.668,230.61,J4,0.0,,0
16,J13,0.1241,0.528,1.668,230.61,J5,0.0,,0
16,J13,0.1241,0.528,1.668,230.61,J6,0.0,,0
16,J13,0.1241,0.528,1.668,230.61,J8,0.0,,0
16,J13,0.1241,0.528,1.668,230.61,J9,0.0,,0
16,J13,0.1241,0.528,1.668,230.61,J10,0.0,,0
16,J13,0.1241,0.528,1.668,230.61,J11,0.0,,0
16,J13,0.1241,0.528,1.668,230.61,Aux3,0.0,,0
16,J13,0.1241,0.528,1.668,230.61,JI18,0.0,,0
16,J13,0.1241,0.528,1.668,230.61,JI2,0.0,,0
16,J13,0.1241,0.528,1.668,230.61,JI3,15.1372,2286.0,1
16,J13,0.1241,0.528,1.668,230.61,JI4,10.0345,2304.0,1
16,J13,0.1241,0.528,1.668,230.61,JI5,6.9231,2310.75,1
16,J13,0.1241,0.528,1.668,230.61,JI6,0.0,,0
16,J13,0.1241,0.528,1.668,230.61,JI7,0.0,,0
16,J13,0.1241,0.528,1.668,230.61,JI8,0.0,,0
16,J13,0.1241,0.528,1.668,230.61,JI9,0.0,,0
16,J13,0.1241,0.528,1.668,230.61,JI10,3.4987,2355.25,0
16,J13,0.1241,0.528,1.668,230.61,JI11,1.3251,3349.0,0
16,J13,0.1241,0.528,1.668,230.61,JI12,0.7115,5334.0,0
16,J13,0.1241,0.528,1.668,230.61,JI13,0.4081,5334.0,0
16,J13,0.1241,0.528,1.668,230.61,O1,0.0,,0
16,J13,0.1241,0.528,1.668,230.61,O2,0.1274,5334.0,0
16,J13,0.1241,0.528,1.668,230.61,Well,3.6605,2399.0,0
17,J5,0.3215,1.253,2.221,251.63,J1,0.0,,0
17,J5,0.3215,1.253,2.221,251.63,J2a,0.0,,0
17,J5,0.3215,1.253,2.221,251.63,J2,0.0,,0
17,J5,0.3215,1.253,2.221,251.63,J7,0.0,,0
17,J5,0.3215,1.253,2.221,251.63,J12,0.0,,0
17,J5,0.3215,1.253,2.221,251.63,J13,0.0,,0
17,J5,0.3215,1.253,2.221,251.63,J3,0.0,,0
17,J5,0.3215,1.253,2.221,251.63,J4,0.0,,0
17,J5,0.3215,1.253,2.221,251.63,J5,251.63,2288.75,1
17,J5,0.3215,1.253,2.221,251.63,J6,245.486,2779.25,1
17,J5,0.3215,1.253,2.221,251.63,J8,245.2244,2782.5,1
17,J5,0.3215,1.253,2.221,251.63,J9,221.9054,2850.25,1
17,J5,0.3215,1.253,2.221,251.63,J10,170.738,3352.25,1
17,J5,0.3215,1.253,2.221,251.63,J11,145.9282,3605.5,1
17,J5,0.3215,1.253,2.221,251.63,Aux3,0.0,,0
17,J5,0.3215,1.253,2.221,251.63,JI18,0.0,,0
17,J5,0.3215,1.253,2.221,251.63,JI2,0.0,,0
17,J5,0.3215,1.253,2.221,251.63,JI3,0.0,,0
17,J5,0.3215,1.253,2.221,251.63,JI4,0.0,,0
17,J5,0.3215,1.253,2.221,251.63,JI5,0.0,,0
17,J5,0.3215,1.253,2.221,251.63,JI6,0.0,,0
17,J5,0.3215,1.253,2.221,251.63,JI7,0.0,,0
17,J5,0.3215,1.253,2.221,251.63,JI8,0.0,,0
17,J5,0.3215,1.253,2.221,251.63,JI9,0.0,,0
17,J5,0.3215,1.253,2.221,251.63,JI10,0.0,,0
17,J5,0.3215,1.253,2.221,251.63,JI11,0.0,,0
17,J5,0.3215,1.253,2.221,251.63,JI12,0.0,,0
17,J5,0.3215,1.253,2.221,251.63,JI13,0.0,,0
17,J5,0.3215,1.253,2.221,251.63,O1,145.9175,3611.5,1
17,J5,0.3215,1.253,2.221,251.63,O2,0.0,,0
17,J5,0.3215,1.253,2.221,251.63,Well,0.0,,0
18,Aux3,0.1127,0.984,5.62,112.29,J1,0.0,,0
18,Aux3,0.1127,0.984,5.62,112.29,J2a,0.0,,0
18,Aux3,0.1127,0.984,5.62,112.29,J2,0.0,,0
18,Aux3,0.1127,0.984,5.62,112.29,J7,0.0,,0
18,Aux3,0.1127,0.984,5.62,112.29,J12,0.0,,0
18,Aux3,0.1127,0.984,5.62,112.29,J13,0.0,,0
18,Aux3,0.1127,0.984,5.62,112.29,J3,0.0,,0
18,Aux3,0.1127,0.984,5.62,112.29,J4,0.0,,0
18,Aux3,0.1127,0.984,5.62,112.29,J5,0.0,,0
18,Aux3,0.1127,0.984,5.62,112.29,J6,0.0,,0
18,Aux3,0.1127,0.984,5.62,112.29,J8,0.0,,0
18,Aux3,0.1127,0.984,5.62,112.29,J9,0.0,,0
18,Aux3,0.1127,0.984,5.62,112.29,J10,0.0,,0
18,Aux3,0.1127,0.984,5.62,112.29,J11,0.0,,0
18,Aux3,0.1127,0.984,5.62,112.29,Aux3,106.5603,3837.25,1
18,Aux3,0.1127,0.984,5.62,112.29,JI18,103.76,3838.5,1
18,Aux3,0.1127,0.984,5.62,112.29,JI2,55.0367,3843.25,1
18,Aux3,0.1127,0.984,5.62,112.29,JI3,31.5105,3851.25,1
18,Aux3,0.1127,0.984,5.62,112.29,JI4,21.501,3870.5,1
18,Aux3,0.1127,0.984,5.62,112.29,JI5,16.9069,3876.75,1
18,Aux3,0.1127,0.984,5.62,112.29,JI6,103.76,3838.25,1
18,Aux3,0.1127,0.984,5.62,112.29,JI7,0.0,,0
18,Aux3,0.1127,0.984,5.62,112.29,JI8,0.0,,0
18,Aux3,0.1127,0.984,5.62,112.29,JI9,0.0,,0
18,Aux3,0.1127,0.984,5.62,112.29,JI10,2.687,4961.75,0
18,Aux3,0.1127,0.984,5.62,112.29,JI11,1.263,5057.25,0
18,Aux3,0.1127,0.984,5.62,112.29,JI12,0.3681,5609.0,0
18,Aux3,0.1127,0.984,5.62,112.29,JI13,0.114,5586.5,0
18,Aux3,0.1127,0.984,5.62,112.29,O1,0.0,,0
18,Aux3,0.1127,0.984,5.62,112.29,O2,0.0281,5609.0,0
18,Aux3,0.1127,0.984,5.62,112.29,Well,3.2308,4191.0,0
19,J10,0.3275,1.925,1.027,166.9,J1,0.0,,0
19,J10,0.3275,1.925,1.027,166.9,J2a,0.0,,0
19,J10,0.3275,1.925,1.027,166.9,J2,0.0,,0
19,J10,0.3275,1.925,1.027,166.9,J7,0.0,,0
19,J10,0.3275,1.925,1.027,166.9,J12,0.0,,0
19,J10,0.3275,1.925,1.027,166.9,J13,0.0,,0
19,J10,0.3275,1.925,1.027,166.9,J3,0.0,,0
19,J10,0.3275,1.925,1.027,166.9,J4,0.0,,0
19,J10,0.3275,1.925,1.027,166.9,J5,0.0,,0
19,J10,0.3275,1.925,1.027,166.9,J6,0.0,,0
19,J10,0.3275,1.925,1.027,166.9,J8,0.0,,0
19,J10,0.3275,1.925,1.027,166.9,J9,0.0,,0
19,J10,0.3275,1.925,1.027,166.9,J10,127.5919,2592.5,1
19,J10,0.3275,1.925,1.027,166.9,J11,85.0454,2598.75,1
19,J10,0.3275,1.925,1.027,166.9,Aux3,0.0,,0
19,J10,0.3275,1.925,1.027,166.9,JI18,0.0,,0
19,J10,0.3275,1.925,1.027,166.9,JI2,0.0,,0
19,J10,0.3275,1.925,1.027,166.9,JI3,0.0,,0
19,J10,0.3275,1.925,1.027,166.9,JI4,0.0,,0
19,J10,0.3275,1.925,1.027,166.9,JI5,0.0,,0
19,J10,0.3275,1.925,1.027,166.9,JI6,0.0,,0
19,J10,0.3275,1.925,1.027,166.9,JI7,0.0,,0
19,J10,0.3275,1.925,1.027,166.9,JI8,0.0,,0
19,J10,0.3275,1.925,1.027,166.9,JI9,0.0,,0
19,J10,0.3275,1.925,1.027,166.9,JI10,0.0,,0
19,J10,0.3275,1.925,1.027,166.9,JI11,0.0,,0
19,J10,0.3275,1.925,1.027,166.9,JI12,0.0,,0
19,J10,0.3275,1.925,1.027,166.9,JI13,0.0,,0
19,J10,0.3275,1.925,1.027,166.9,O1,84.6123,2604.5,1
19,J10,0.3275,1.925,1.027,166.9,O2,0.0,,0
19,J10,0.3275,1.925,1.027,166.9,Well,0.0,,0
20,J5,0.3673,0.699,2.277,515.16,J1,0.0,,0
20,J5,0.3673,0.699,2.277,515.16,J2a,0.0,,0
20,J5,0.3673,0.699,2.277,515.16,J2,0.0,,0
20,J5,0.3673,0.699,2.277,515.16,J7,0.0,,0
20,J5,0.3673,0.699,2.277,515.16,J12,0.0,,0
20,J5,0.3673,0.699,2.277,515.16,J13,0.0,,0
20,J5,0.3673,0.699,2.277,515.16,J3,0.0,,0
20,J5,0.3673,0.699,2.277,515.16,J4,0.0,,0
20,J5,0.3673,0.699,2.277,515.16,J5,515.16,2319.25,1
20,J5,0.3673,0.699,2.277,515.16,J6,459.9705,2608.5,1
20,J5,0.3673,0.699,2.277,515.16,J8,456.0118,2617.0,1
20,J5,0.3673,0.699,2.277,515.16,J9,283.7777,3236.25,1
20,J5,0.3673,0.699,2.277,515.16,J10,166.4918,3372.75,1
20,J5,0.3673,0.699,2.277,515.16,J11,128.9852,3740.25,1
20,J5,0.3673,0.699,2.277,515.16,Aux3,0.0,,0
20,J5,0.3673,0.699,2.277,515.16,JI18,0.0,,0
20,J5,0.3673,0.699,2.277,515.16,JI2,0.0,,0
20,J5,0.3673,0.699,2.277,515.16,JI3,0.0,,0
20,J5,0.3673,0.699,2.277,515.16,JI4,0.0,,0
20,J5,0.3673,0.699,2.277,515.16,JI5,0.0,,0
20,J5,0.3673,0.699,2.277,515.16,JI6,0.0,,0
20,J5,0.3673,0.699,2.277,515.16,JI7,0.0,,0
20,J5,0.3673,0.699,2.277,515.16,JI8,0.0,,0
20,J5,0.3673,0.699,2.277,515.16,JI9,0.0,,0
20,J5,0.3673,0.699,2.277,515.16,JI10,0.0,,0
20,J5,0.3673,0.699,2.277,515.16,JI11,0.0,,0
20,J5,0.3673,0.699,2.277,515.16,JI12,0.0,,0
20,J5,0.3673,0.699,2.277,515.16,JI13,0.0,,0
20,J5,0.3673,0.699,2.277,515.16,O1,128.9723,3745.5,1
20,J5,0.3673,0.699,2.277,515.16,O2,0.0,,0
20,J5,0.3673,0.699,2.277,515.16,Well,0.0,,0
21,JI18,0.4949,2.01,3.342,241.51,J1,0.0,,0
21,JI18,0.4949,2.01,3.342,241.51,J2a,0.0,,0
21,JI18,0.4949,2.01,3.342,241.51,J2,0.0,,0
21,JI18,0.4949,2.01,3.342,241.51,J7,0.0,,0
21,JI18,0.4949,2.01,3.342,241.51,J12,0.0,,0
21,JI18,0.4949,2.01,3.342,241.51,J13,0.0,,0
21,JI18,0.4949,2.01,3.342,241.51,J3,0.0,,0
21,JI18,0.4949,2.01,3.342,241.51,J4,0.0,,0
21,JI18,0.4949,2.01,3.342,241.51,J5,0.0,,0
21,JI18,0.4949,2.01,3.342,241.51,J6,0.0,,0
21,JI18,0.4949,2.01,3.342,241.51,J8,0.0,,0
21,JI18,0.4949,2.01,3.342,241.51,J9,0.0,,0
21,JI18,0.4949,2.01,3.342,241.51,J10,0.0,,0
21,JI18,0.4949,2.01,3.342,241.51,J11,0.0,,0
21,JI18,0.4949,2.01,3.342,241.51,Aux3,0.0,,0
21,JI18,0.4949,2.01,3.342,241.51,JI18,159.3962,3295.25,1
21,JI18,0.4949,2.01,3.342,241.51,JI2,95.0172,3295.5,1
21,JI18,0.4949,2.01,3.342,241.51,JI3,57.7858,3296.75,1
21,JI18,0.4949,2.01,3.342,241.51,JI4,41.9992,3302.0,1
21,JI18,0.4949,2.01,3.342,241.51,JI5,33.0156,3306.0,1
21,JI18,0.4949,2.01,3.342,241.51,JI6,0.0,,0
21,JI18,0.4949,2.01,3.342,241.51,JI7,0.0,,0
21,JI18,0.4949,2.01,3.342,241.51,JI8,0.0,,0
21,JI18,0.4949,2.01,3.342,241.51,JI9,0.0,,0
21,JI18,0.4949,2.01,3.342,241.51,JI10,7.8261,4496.25,1
21,JI18,0.4949,2.01,3.342,241.51,JI11,4.9209,4579.75,0
21,JI18,0.4949,2.01,3.342,241.51,JI12,2.2327,5241.25,0
21,JI18,0.4949,2.01,3.342,241.51,JI13,1.1275,5241.0,0
21,JI18,0.4949,2.01,3.342,241.51,O1,0.0,,0
21,JI18,0.4949,2.01,3.342,241.51,O2,0.4087,5243.5,0
21,JI18,0.4949,2.01,3.342,241.51,Well,13.5778,3412.0,1
22,J12,0.3455,2.568,4.656,131.97,J1,0.0,,0
22,J12,0.3455,2.568,4.656,131.97,J2a,0.0,,0
22,J12,0.3455,2.568,4.656,131.97,J2,0.0,,0
22,J12,0.3455,2.568,4.656,131.97,J7,0.0,,0
22,J12,0.3455,2.568,4.656,131.97,J12,120.1563,3944.0,1
22,J12,0.3455,2.568,4.656,131.97,J13,0.0,,0
22,J12,0.3455,2.568,4.656,131.97,J3,0.0,,0
22,J12,0.3455,2.568,4.656,131.97,J4,0.0,,0
22,J12,0.3455,2.568,4.656,131.97,J5,0.0,,0
22,J12,0.3455,2.568,4.656,131.97,J6,0.0,,0
22,J12,0.3455,2.568,4.656,131.97,J8,0.0,,0
22,J12,0.3455,2.568,4.656,131.97,J9,0.0,,0
22,J12,0.3455,2.568,4.656,131.97,J10,0.0,,0
22,J12,0.3455,2.568,4.656,131.97,J11,0.0,,0
22,J12,0.3455,2.568,4.656,131.97,Aux3,0.0,,0
22,J12,0.3455,2.568,4.656,131.97,JI18,0.0,,0
22,J12,0.3455,2.568,4.656,131.97,JI2,0.0,,0
22,J12,0.3455,2.568,4.656,131.97,JI3,0.0,,0
22,J12,0.3455,2.568,4.656,131.97,JI4,34.1645,3945.0,1
22,J12,0.3455,2.568,4.656,131.97,JI5,25.8578,3947.25,1
22,J12,0.3455,2.568,4.656,131.97,JI6,0.0,,0
22,J12,0.3455,2.568,4.656,131.97,JI7,0.0,,0
22,J12,0.3455,2.568,4.656,131.97,JI8,119.5844,3944.25,1
22,J12,0.3455,2.568,4.656,131.97,JI9,0.0,,0
22,J12,0.3455,2.568,4.656,131.97,JI10,7.3431,5139.25,1
22,J12,0.3455,2.568,4.656,131.97,JI11,3.5452,5220.75,0
22,J12,0.3455,2.568,4.656,131.97,JI12,1.079,5336.25,0
22,J12,0.3455,2.568,4.656,131.97,JI13,0.3573,5248.5,0
22,J12,0.3455,2.568,4.656,131.97,O1,0.0,,0
22,J12,0.3455,2.568,4.656,131.97,O2,0.0891,5337.75,0
22,J12,0.3455,2.568,4.656,131.97,Well,10.824,4009.5,1
23,J5,0.1222,0.338,1.893,354.46,J1,0.0,,0
23,J5,0.1222,0.338,1.893,354.46,J2a,0.0,,0
23,J5,0.1222,0.338,1.893,354.46,J2,0.0,,0
23,J5,0.1222,0.338,1.893,354.46,J7,0.0,,0
23,J5,0.1222,0.338,1.893,354.46,J12,0.0,,0
23,J5,0.1222,0.338,1.893,354.46,J13,0.0,,0
23,J5,0.1222,0.338,1.893,354.46,J3,0.0,,0
23,J5,0.1222,0.338,1.893,354.46,J4,0.0,,0
23,J5,0.1222,0.338,1.893,354.46,J5,354.46,2130.5,1
23,J5,0.1222,0.338,1.893,354.46,J6,228.0286,2310.0,1
23,J5,0.1222,0.338,1.893,354.46,J8,150.4601,2494.5,1
23,J5,0.1222,0.338,1.893,354.46,J9,95.1021,2936.5,1
23,J5,0.1222,0.338,1.893,354.46,J10,17.5173,3253.5,1
23,J5,0.1222,0.338,1.893,354.46,J11,10.8647,3751.75,1
23,J5,0.1222,0.338,1.893,354.46,Aux3,0.0,,0
23,J5,0.1222,0.338,1.893,354.46,JI18,0.0,,0
23,J5,0.1222,0.338,1.893,354.46,JI2,0.0,,0
23,J5,0.1222,0.338,1.893,354.46,JI3,0.0,,0
23,J5,0.1222,0.338,1.893,354.46,JI4,0.0,,0
23,J5,0.1222,0.338,1.893,354.46,JI5,0.0,,0
23,J5,0.1222,0.338,1.893,354.46,JI6,0.0,,0
23,J5,0.1222,0.338,1.893,354.46,JI7,0.0,,0
23,J5,0.1222,0.338,1.893,354.46,JI8,0.0,,0
23,J5,0.1222,0.338,1.893,354.46,JI9,0.0,,0
23,J5,0.1222,0.338,1.893,354.46,JI10,0.0,,0
23,J5,0.1222,0.338,1.893,354.46,JI11,0.0,,0
23,J5,0.1222,0.338,1.893,354.46,JI12,0.0,,0
23,J5,0.1222,0.338,1.893,354.46,JI13,0.0,,0
23,J5,0.1222,0.338,1.893,354.46,O1,10.8391,3753.0,1
23,J5,0.1222,0.338,1.893,354.46,O2,0.0,,0
23,J5,0.1222,0.338,1.893,354.46,Well,0.0,,0
24,J8,0.1412,0.83,5.657,166.83,J1,0.0,,0
24,J8,0.1412,0.83,5.657,166.83,J2a,0.0,,0
24,J8,0.1412,0.83,5.657,166.83,J2,0.0,,0
24,J8,0.1412,0.83,5.657,166.83,J7,0.0,,0
24,J8,0.1412,0.83,5.657,166.83,J12,0.0,,0
24,J8,0.1412,0.83,5.657,166.83,J13,0.0,,0
24,J8,0.1412,0.83,5.657,166.83,J3,0.0,,0
24,J8,0.1412,0.83,5.657,166.83,J4,0.0,,0
24,J8,0.1412,0.83,5.657,166.83,J5,0.0,,0
24,J8,0.1412,0.83,5.657,166.83,J6,0.0,,0
24,J8,0.1412,0.83,5.657,166.83,J8,166.83,3474.75,1
24,J8,0.1412,0.83,5.657,166.83,J9,163.6705,3726.25,1
24,J8,0.1412,0.83,5.657,166.83,J10,132.1926,3958.0,1
24,J8,0.1412,0.83,5.657,166.83,J11,119.8359,4125.0,1
24,J8,0.1412,0.83,5.657,166.83,Aux3,0.0,,0
24,J8,0.1412,0.83,5.657,166.83,JI18,0.0,,0
24,J8,0.1412,0.83,5.657,166.83,JI2,0.0,,0
24,J8,0.1412,0.83,5.657,166.83,JI3,0.0,,0
24,J8,0.1412,0.83,5.657,166.83,JI4,0.0,,0
24,J8,0.1412,0.83,5.657,166.83,JI5,0.0,,0
24,J8,0.1412,0.83,5.657,166.83,JI6,0.0,,0
24,J8,0.1412,0.83,5.657,166.83,JI7,0.0,,0
24,J8,0.1412,0.83,5.657,166.83,JI8,0.0,,0
24,J8,0.1412,0.83,5.657,166.83,JI9,0.0,,0
24,J8,0.1412,0.83,5.657,166.83,JI10,0.0,,0
24,J8,0.1412,0.83,5.657,166.83,JI11,0.0,,0
24,J8,0.1412,0.83,5.657,166.83,JI12,0.0,,0
24,J8,0.1412,0.83,5.657,166.83,JI13,0.0,,0
24,J8,0.1412,0.83,5.657,166.83,O1,119.8264,4133.0,1
24,J8,0.1412,0.83,5.657,166.83,O2,0.0,,0
24,J8,0.1412,0.83,5.657,166.83,Well,0.0,,0
25,J10,0.4394,1.115,3.933,386.47,J1,0.0,,0
25,J10,0.4394,1.115,3.933,386.47,J2a,0.0,,0
25,J10,0.4394,1.115,3.933,386.47,J2,0.0,,0
25,J10,0.4394,1.115,3.933,386.47,J7,0.0,,0
25,J10,0.4394,1.115,3.933,386.47,J12,0.0,,0
25,J10,0.4394,1.115,3.933,386.47,J13,0.0,,0
25,J10,0.4394,1.115,3.933,386.47,J3,0.0,,0
25,J10,0.4394,1.115,3.933,386.47,J4,0.0,,0
25,J10,0.4394,1.115,3.933,386.47,J5,0.0,,0
25,J10,0.4394,1.115,3.933,386.47,J6,0.0,,0
25,J10,0.4394,1.115,3.933,386.47,J8,0.0,,0
25,J10,0.4394,1.115,3.933,386.47,J9,0.0,,0
25,J10,0.4394,1.115,3.933,386.47,J10,365.5122,3290.75,1
25,J10,0.4394,1.115,3.933,386.47,J11,328.1197,3292.5,1
25,J10,0.4394,1.115,3.933,386.47,Aux3,0.0,,0
25,J10,0.4394,1.115,3.933,386.47,JI18,0.0,,0
25,J10,0.4394,1.115,3.933,386.47,JI2,0.0,,0
25,J10,0.4394,1.115,3.933,386.47,JI3,0.0,,0
25,J10,0.4394,1.115,3.933,386.47,JI4,0.0,,0
25,J10,0.4394,1.115,3.933,386.47,JI5,0.0,,0
25,J10,0.4394,1.115,3.933,386.47,JI6,0.0,,0
25,J10,0.4394,1.115,3.933,386.47,JI7,0.0,,0
25,J10,0.4394,1.115,3.933,386.47,JI8,0.0,,0
25,J10,0.4394,1.115,3.933,386.47,JI9,0.0,,0
25,J10,0.4394,1.115,3.933,386.47,JI10,0.0,,0
25,J10,0.4394,1.115,3.933,386.47,JI11,0.0,,0
25,J10,0.4394,1.115,3.933,386.47,JI12,0.0,,0
25,J10,0.4394,1.115,3.933,386.47,JI13,0.0,,0
25,J10,0.4394,1.115,3.933,386.47,O1,327.3192,3296.5,1
25,J10,0.4394,1.115,3.933,386.47,O2,0.0,,0
25,J10,0.4394,1.115,3.933,386.47,Well,0.0,,0
26,JI7,0.2039,2.765,2.753,72.32,J1,0.0,,0
26,JI7,0.2039,2.765,2.753,72.32,J2a,0.0,,0
26,JI7,0.2039,2.765,2.753,72.32,J2,0.0,,0
26,JI7,0.2039,2.765,2.753,72.32,J7,0.0,,0
26,JI7,0.2039,2.765,2.753,72.32,J12,0.0,,0
26,JI7,0.2039,2.765,2.753,72.32,J13,0.0,,0
26,JI7,0.2039,2.765,2.753,72.32,J3,0.0,,0
26,JI7,0.2039,2.765,2.753,72.32,J4,0.0,,0
26,JI7,0.2039,2.765,2.753,72.32,J5,0.0,,0
26,JI7,0.2039,2.765,2.753,72.32,J6,0.0,,0
26,JI7,0.2039,2.765,2.753,72.32,J8,0.0,,0
26,JI7,0.2039,2.765,2.753,72.32,J9,0.0,,0
26,JI7,0.2039,2.765,2.753,72.32,J10,0.0,,0
26,JI7,0.2039,2.765,2.753,72.32,J11,0.0,,0
26,JI7,0.2039,2.765,2.753,72.32,Aux3,0.0,,0
26,JI7,0.2039,2.765,2.753,72.32,JI18,0.0,,0
26,JI7,0.2039,2.765,2.753,72.32,JI2,28.8333,3672.5,1
26,JI7,0.2039,2.765,2.753,72.32,JI3,17.6028,3673.25,1
26,JI7,0.2039,2.765,2.753,72.32,JI4,12.8013,3677.5,1
26,JI7,0.2039,2.765,2.753,72.32,JI5,10.0902,3682.5,1
26,JI7,0.2039,2.765,2.753,72.32,JI6,0.0,,0
26,JI7,0.2039,2.765,2.753,72.32,JI7,36.1285,3672.25,1
26,JI7,0.2039,2.765,2.753,72.32,JI8,0.0,,0
26,JI7,0.2039,2.765,2.753,72.32,JI9,0.0,,0
26,JI7,0.2039,2.765,2.753,72.32,JI10,2.9914,4787.25,0
26,JI7,0.2039,2.765,2.753,72.32,JI11,2.0257,4871.0,0
26,JI7,0.2039,2.765,2.753,72.32,JI12,0.9953,5577.75,0
26,JI7,0.2039,2.765,2.753,72.32,JI13,0.5324,4897.5,0
26,JI7,0.2039,2.765,2.753,72.32,O1,0.0,,0
26,JI7,0.2039,2.765,2.753,72.32,O2,0.1995,5577.75,0
26,JI7,0.2039,2.765,2.753,72.32,Well,4.9905,3763.75,0
27,J3,0.1398,0.928,3.368,147.73,J1,0.0,,0
27,J3,0.1398,0.928,3.368,147.73,J2a,0.0,,0
27,J3,0.1398,0.928,3.368,147.73,J2,0.0,,0
27,J3,0.1398,0.928,3.368,147.73,J7,0.0,,0
27,J3,0.1398,0.928,3.368,147.73,J12,0.0,,0
27,J3,0.1398,0.928,3.368,147.73,J13,0.0,,0
27,J3,0.1398,0.928,3.368,147.73,J3,147.73,2743.5,1
27,J3,0.1398,0.928,3.368,147.73,J4,147.73,3055.0,1
27,J3,0.1398,0.928,3.368,147.73,J5,125.3091,3065.75,1
27,J3,0.1398,0.928,3.368,147.73,J6,45.5329,3175.5,1
27,J3,0.1398,0.928,3.368,147.73,J8,37.0325,3302.25,1
27,J3,0.1398,0.928,3.368,147.73,J9,21.4609,3608.5,1
27,J3,0.1398,0.928,3.368,147.73,J10,14.8317,4159.25,1
27,J3,0.1398,0.928,3.368,147.73,J11,13.1919,4461.75,1
27,J3,0.1398,0.928,3.368,147.73,Aux3,0.0,,0
27,J3,0.1398,0.928,3.368,147.73,JI18,0.0,,0
27,J3,0.1398,0.928,3.368,147.73,JI2,0.0,,0
27,J3,0.1398,0.928,3.368,147.73,JI3,0.0,,0
27,J3,0.1398,0.928,3.368,147.73,JI4,0.0,,0
27,J3,0.1398,0.928,3.368,147.73,JI5,0.0,,0
27,J3,0.1398,0.928,3.368,147.73,JI6,0.0,,0
27,J3,0.1398,0.928,3.368,147.73,JI7,0.0,,0
27,J3,0.1398,0.928,3.368,147.73,JI8,0.0,,0
27,J3,0.1398,0.928,3.368,147.73,JI9,0.0,,0
27,J3,0.1398,0.928,3.368,147.73,JI10,0.0,,0
27,J3,0.1398,0.928,3.368,147.73,JI11,0.0,,0
27,J3,0.1398,0.928,3.368,147.73,JI12,0.0,,0
27,J3,0.1398,0.928,3.368,147.73,JI13,0.0,,0
27,J3,0.1398,0.928,3.368,147.73,O1,13.1908,4472.25,1
27,J3,0.1398,0.928,3.368,147.73,O2,0.0,,0
27,J3,0.1398,0.928,3.368,147.73,Well,0.0,,0
28,J11,0.1387,1.858,5.387,73.27,J1,0.0,,0
28,J11,0.1387,1.858,5.387,73.27,J2a,0.0,,0
28,J11,0.1387,1.858,5.387,73.27,J2,0.0,,0
28,J11,0.1387,1.858,5.387,73.27,J7,0.0,,0
28,J11,0.1387,1.858,5.387,73.27,J12,0.0,,0
28,J11,0.1387,1.858,5.387,73.27,J13,0.0,,0
28,J11,0.1387,1.858,5.387,73.27,J3,0.0,,0
28,J11,0.1387,1.858,5.387,73.27,J4,0.0,,0
28,J11,0.1387,1.858,5.387,73.27,J5,0.0,,0
28,J11,0.1387,1.858,5.387,73.27,J6,0.0,,0
28,J11,0.1387,1.858,5.387,73.27,J8,0.0,,0
28,J11,0.1387,1.858,5.387,73.27,J9,0.0,,0
28,J11,0.1387,1.858,5.387,73.27,J10,0.0,,0
28,J11,0.1387,1.858,5.387,73.27,J11,69.3803,3953.0,1
28,J11,0.1387,1.858,5.387,73.27,Aux3,0.0,,0
28,J11,0.1387,1.858,5.387,73.27,JI18,0.0,,0
28,J11,0.1387,1.858,5.387,73.27,JI2,0.0,,0
28,J11,0.1387,1.858,5.387,73.27,JI3,0.0,,0
28,J11,0.1387,1.858,5.387,73.27,JI4,0.0,,0
28,J11,0.1387,1.858,5.387,73.27,JI5,0.0,,0
28,J11,0.1387,1.858,5.387,73.27,JI6,0.0,,0
28,J11,0.1387,1.858,5.387,73.27,JI7,0.0,,0
28,J11,0.1387,1.858,5.387,73.27,JI8,0.0,,0
28,J11,0.1387,1.858,5.387,73.27,JI9,0.0,,0
28,J11,0.1387,1.858,5.387,73.27,JI10,0.0,,0
28,J11,0.1387,1.858,5.387,73.27,JI11,0.0,,0
28,J11,0.1387,1.858,5.387,73.27,JI12,0.0,,0
28,J11,0.1387,1.858,5.387,73.27,JI13,0.0,,0
28,J11,0.1387,1.858,5.387,73.27,O1,69.348,3953.25,1
28,J11,0.1387,1.858,5.387,73.27,O2,0.0,,0
28,J11,0.1387,1.858,5.387,73.27,Well,0.0,,0
29,JI18,0.2057,0.853,5.985,236.53,J1,0.0,,0
29,JI18,0.2057,0.853,5.985,236.53,J2a,0.0,,0
29,JI18,0.2057,0.853,5.985,236.53,J2,0.0,,0
29,JI18,0.2057,0.853,5.985,236.53,J7,0.0,,0
29,JI18,0.2057,0.853,5.985,236.53,J12,0.0,,0
29,JI18,0.2057,0.853,5.985,236.53,J13,0.0,,0
29,JI18,0.2057,0.853,5.985,236.53,J3,0.0,,0
29,JI18,0.2057,0.853,5.985,236.53,J4,0.0,,0
29,JI18,0.2057,0.853,5.985,236.53,J5,0.0,,0
29,JI18,0.2057,0.853,5.985,236.53,J6,0.0,,0
29,JI18,0.2057,0.853,5.985,236.53,J8,0.0,,0
29,JI18,0.2057,0.853,5.985,236.53,J9,0.0,,0
29,JI18,0.2057,0.853,5.985,236.53,J10,0.0,,0
29,JI18,0.2057,0.853,5.985,236.53,J11,0.0,,0
29,JI18,0.2057,0.853,5.985,236.53,Aux3,0.0,,0
29,JI18,0.2057,0.853,5.985,236.53,JI18,162.527,3788.25,1
29,JI18,0.2057,0.853,5.985,236.53,JI2,99.8872,3788.25,1
29,JI18,0.2057,0.853,5.985,236.53,JI3,62.2563,3789.25,1
29,JI18,0.2057,0.853,5.985,236.53,JI4,45.0416,3794.75,1
29,JI18,0.2057,0.853,5.985,236.53,JI5,36.1078,3798.5,1
29,JI18,0.2057,0.853,5.985,236.53,JI6,0.0,,0
29,JI18,0.2057,0.853,5.985,236.53,JI7,0.0,,0
29,JI18,0.2057,0.853,5.985,236.53,JI8,0.0,,0
29,JI18,0.2057,0.853,5.985,236.53,JI9,0.0,,0
29,JI18,0.2057,0.853,5.985,236.53,JI10,4.8611,4585.5,0
29,JI18,0.2057,0.853,5.985,236.53,JI11,2.2837,4669.0,0
29,JI18,0.2057,0.853,5.985,236.53,JI12,0.6695,5289.5,0
29,JI18,0.2057,0.853,5.985,236.53,JI13,0.2082,5286.0,0
29,JI18,0.2057,0.853,5.985,236.53,O1,0.0,,0
29,JI18,0.2057,0.853,5.985,236.53,O2,0.0515,5289.5,0
29,JI18,0.2057,0.853,5.985,236.53,Well,6.3095,3960.75,1
30,J2a,0.2597,0.5,0.283,509.45,J1,0.0,,0
30,J2a,0.2597,0.5,0.283,509.45,J2a,32.8283,145.5,1
30,J2a,0.2597,0.5,0.283,509.45,J2,22.9601,170.0,1
30,J2a,0.2597,0.5,0.283,509.45,J7,0.0,,0
30,J2a,0.2597,0.5,0.283,509.45,J12,0.0,,0
30,J2a,0.2597,0.5,0.283,509.45,J13,0.0,,0
30,J2a,0.2597,0.5,0.283,509.45,J3,0.0,,0
30,J2a,0.2597,0.5,0.283,509.45,J4,0.0,,0
30,J2a,0.2597,0.5,0.283,509.45,J5,0.0,,0
30,J2a,0.2597,0.5,0.283,509.45,J6,0.0,,0
30,J2a,0.2597,0.5,0.283,509.45,J8,0.0,,0
30,J2a,0.2597,0.5,0.283,509.45,J9,0.0,,0
30,J2a,0.2597,0.5,0.283,509.45,J10,0.0,,0
30,J2a,0.2597,0.5,0.283,509.45,J11,0.0,,0
30,J2a,0.2597,0.5,0.283,509.45,Aux3,0.0,,0
30,J2a,0.2597,0.5,0.283,509.45,JI18,0.0,,0
30,J2a,0.2597,0.5,0.283,509.45,JI2,0.0,,0
30,J2a,0.2597,0.5,0.283,509.45,JI3,0.0,,0
30,J2a,0.2597,0.5,0.283,509.45,JI4,0.0,,0
30,J2a,0.2597,0.5,0.283,509.45,JI5,6.2519,211.75,1
30,J2a,0.2597,0.5,0.283,509.45,JI6,0.0,,0
30,J2a,0.2597,0.5,0.283,509.45,JI7,0.0,,0
30,J2a,0.2597,0.5,0.283,509.45,JI8,0.0,,0
30,J2a,0.2597,0.5,0.283,509.45,JI9,16.9877,211.25,1
30,J2a,0.2597,0.5,0.283,509.45,JI10,1.939,456.0,0
30,J2a,0.2597,0.5,0.283,509.45,JI11,1.5921,702.75,0
30,J2a,0.2597,0.5,0.283,509.45,JI12,1.4064,1003.25,0
30,J2a,0.2597,0.5,0.283,509.45,JI13,1.2411,1258.25,0
30,J2a,0.2597,0.5,0.283,509.45,O1,0.0,,0
30,J2a,0.2597,0.5,0.283,509.45,O2,0.9747,1527.75,0
30,J2a,0.2597,0.5,0.283,509.45,Well,1.9489,473.75,0
